country,full_name,geo.place_id,name
Indonesia,"Mlati, Indonesia",ea9809774c4145c3,Mlati
Estados Unidos,"Phoenix, AZ",5c62ffb0f0f3479d,Phoenix
Estados Unidos,"San Francisco, CA",5a110d312052166f,San Francisco
México,"Tampico, Tamaulipas",0128fab5ba6d2cd6,Tampico
Colombia,"Bogotá, D.C., Colombia",0161be1b3f98d6c3,"Bogotá, D.C."
Estados Unidos,"Houston, TX",1c69a67ad480e1b1,Houston
Australia,"Adelaide, South Australia",01e8a1a140ccdc5c,Adelaide
México,"San Blas Atempa, Oaxaca",ebb2c0a78f95fb17,San Blas Atempa
Estados Unidos,"Norfolk, VA",b004be67b9fd6d8f,Norfolk
Reino Unido,"Rotherham, England",26536f52a64605b5,Rotherham
Uruguay,"Montevideo, Uruguay",01a9dbb9232f0fac,Montevideo
India,"Bangalore, India",1b8680cd52a711cb,Bangalore
